--
-- PostgreSQL database dump
--

-- Dumped from database version 9.5.14
-- Dumped by pg_dump version 9.5.14

SET statement_timeout = 0;
SET lock_timeout = 0;
SET client_encoding = 'UTF8';
SET standard_conforming_strings = on;
SELECT pg_catalog.set_config('search_path', '', false);
SET check_function_bodies = false;
SET client_min_messages = warning;
SET row_security = off;

--
-- Name: plpgsql; Type: EXTENSION; Schema: -; Owner: 
--

CREATE EXTENSION IF NOT EXISTS plpgsql WITH SCHEMA pg_catalog;


--
-- Name: EXTENSION plpgsql; Type: COMMENT; Schema: -; Owner: 
--

COMMENT ON EXTENSION plpgsql IS 'PL/pgSQL procedural language';


SET default_tablespace = '';

SET default_with_oids = false;

--
-- Name: accounts; Type: TABLE; Schema: public; Owner: stromae
--

CREATE TABLE public.accounts (
    user_id character varying(50),
    user_email character varying(50) NOT NULL,
    licence_number character varying(75) NOT NULL,
    user_name character varying(50) NOT NULL
);


ALTER TABLE public.accounts OWNER TO stromae;

--
-- Name: institutions_id_increase_seq; Type: SEQUENCE; Schema: public; Owner: stromae
--

CREATE SEQUENCE public.institutions_id_increase_seq
    START WITH 1
    INCREMENT BY 1
    NO MINVALUE
    NO MAXVALUE
    CACHE 1;


ALTER TABLE public.institutions_id_increase_seq OWNER TO stromae;

--
-- Name: institutions; Type: TABLE; Schema: public; Owner: stromae
--

CREATE TABLE public.institutions (
    licence_number character varying(75) NOT NULL,
    institution_name character varying(50),
    institution_address character varying(100),
    institution_id integer DEFAULT nextval('public.institutions_id_increase_seq'::regclass) NOT NULL,
    contact_name character varying(50) NOT NULL,
    contact_email character varying(50) NOT NULL
);


ALTER TABLE public.institutions OWNER TO stromae;

--
-- Name: jobs; Type: TABLE; Schema: public; Owner: stromae
--

CREATE TABLE public.jobs (
    job_id character varying(50) NOT NULL,
    user_id character varying(50) NOT NULL
);


ALTER TABLE public.jobs OWNER TO stromae;

--
-- Data for Name: accounts; Type: TABLE DATA; Schema: public; Owner: stromae
--

COPY public.accounts (user_id, user_email, licence_number, user_name) FROM stdin;
978d0eda2a0cc3ffdf08e3d3daf736adc3b1f33e	dbockus@brocku.ca	$2b$12$P0PRoikxdhf/XzPrIju7TO0lExfXWeBs73H84WtrtEZKkDYCn7DmK	Dave Bockus
80197b529e3e78102bdd42ac18bc9b7e2024f6dd	chook@brocku.ca	$2b$12$P0PRoikxdhf/XzPrIju7TO0lExfXWeBs73H84WtrtEZKkDYCn7DmK	Captain Hook
c2bdd2e21e62725693b9b50c7bfc8e31b109e4e6	lt15bo@brocku.ca	$2b$12$lddG7Fo7l4dCWAY3d3G/IuVJyNWrXn.B5Wh5fH3jEfQuHWCOEhGG.	Tester1
\.


--
-- Data for Name: institutions; Type: TABLE DATA; Schema: public; Owner: stromae
--

COPY public.institutions (licence_number, institution_name, institution_address, institution_id, contact_name, contact_email) FROM stdin;
$2b$12$P0PRoikxdhf/XzPrIju7TO0lExfXWeBs73H84WtrtEZKkDYCn7DmK	Brock University	1812 Sir Isaac Brock Way, St. Catharines, ON L2S 3A1	4	Daemon Sudoers	dsudoers@mainframe.io
$2b$12$lddG7Fo7l4dCWAY3d3G/IuVJyNWrXn.B5Wh5fH3jEfQuHWCOEhGG.	Test University	123 Testing Ave. Alpha, Prototype, Innovationland	6	Automate Debug	testing@test.com
\.


--
-- Name: institutions_id_increase_seq; Type: SEQUENCE SET; Schema: public; Owner: stromae
--

SELECT pg_catalog.setval('public.institutions_id_increase_seq', 6, true);


--
-- Data for Name: jobs; Type: TABLE DATA; Schema: public; Owner: stromae
--

COPY public.jobs (job_id, user_id) FROM stdin;
945eb667-0d8c-4163-aff7-d976949e6af8	80197b529e3e78102bdd42ac18bc9b7e2024f6dd
b815f06a-4d6e-4ba2-9a50-f48e9f8b216b	80197b529e3e78102bdd42ac18bc9b7e2024f6dd
d8ff0e53-97c2-4f34-b754-3c6802b018fb	80197b529e3e78102bdd42ac18bc9b7e2024f6dd
dcf1a24b-7f17-42a8-8ce5-b2557e1d9e2d	c2bdd2e21e62725693b9b50c7bfc8e31b109e4e6
33e321b4-974f-4b77-aa8f-ced64881bbea	80197b529e3e78102bdd42ac18bc9b7e2024f6dd
7eb20fb2-37d7-4707-9450-d219a39c16a8	80197b529e3e78102bdd42ac18bc9b7e2024f6dd
e8fc596b-cc2b-4c88-8533-6b7e20c63f1a	80197b529e3e78102bdd42ac18bc9b7e2024f6dd
846b2aac-57a1-4b2d-adf4-9fc2581f157e	80197b529e3e78102bdd42ac18bc9b7e2024f6dd
1e4fc957-6ad9-4723-97a7-4365f4b93c51	80197b529e3e78102bdd42ac18bc9b7e2024f6dd
392e5fcb-b0e9-4f00-99b5-8e1e07d58b7c	80197b529e3e78102bdd42ac18bc9b7e2024f6dd
5b85d5c6-c68a-44fd-b2d8-5fc266f9edca	80197b529e3e78102bdd42ac18bc9b7e2024f6dd
51882a8a-8846-4fba-a7d1-d54ca9854b8c	c2bdd2e21e62725693b9b50c7bfc8e31b109e4e6
f5ca5b31-5138-4ff6-9000-c9a563d2bffe	80197b529e3e78102bdd42ac18bc9b7e2024f6dd
324defd2-cf8d-4698-b545-b5e6bf03b86e	c2bdd2e21e62725693b9b50c7bfc8e31b109e4e6
1a56fbd6-5852-49a1-b7c4-d53d4acaf015	80197b529e3e78102bdd42ac18bc9b7e2024f6dd
01c67b0b-5433-4e9a-a4ec-9de40b66224a	80197b529e3e78102bdd42ac18bc9b7e2024f6dd
6782a4ce-fe2b-46b4-891d-8edc583cd2ba	80197b529e3e78102bdd42ac18bc9b7e2024f6dd
df5e6eaf-8cd7-4461-8c05-3e7468788542	80197b529e3e78102bdd42ac18bc9b7e2024f6dd
4830b1b5-1399-4bf0-92e3-4c11519ed7bf	80197b529e3e78102bdd42ac18bc9b7e2024f6dd
c0cb4f0c-6e7f-44aa-8ec5-11646413fa9b	80197b529e3e78102bdd42ac18bc9b7e2024f6dd
855c7e25-6442-4397-8a70-f2cecf9d6fd0	80197b529e3e78102bdd42ac18bc9b7e2024f6dd
ba9efaaa-b5b9-4db5-b479-09bf0319da84	80197b529e3e78102bdd42ac18bc9b7e2024f6dd
f5475b9d-f055-468f-b18d-55b6d73fc08a	80197b529e3e78102bdd42ac18bc9b7e2024f6dd
53dc1b50-0759-4dab-9a9f-78fbaa57ef4f	80197b529e3e78102bdd42ac18bc9b7e2024f6dd
589d5c47-8b67-4fcf-9ed6-3ee3f0895d12	80197b529e3e78102bdd42ac18bc9b7e2024f6dd
e310f2bb-29d1-4d9f-9b9d-26571963b32b	80197b529e3e78102bdd42ac18bc9b7e2024f6dd
5c4549ec-df15-47ab-b1ee-d76c78ee68f2	80197b529e3e78102bdd42ac18bc9b7e2024f6dd
bfea353d-517e-40e3-ba96-a02909ae0bf4	80197b529e3e78102bdd42ac18bc9b7e2024f6dd
c00991b6-a5ab-4055-ade3-c8df835875b0	80197b529e3e78102bdd42ac18bc9b7e2024f6dd
c58b0fa9-ec4d-40b5-b93b-fd970a9d1d77	80197b529e3e78102bdd42ac18bc9b7e2024f6dd
c704683c-58d5-4ba1-9414-958218afa7c2	80197b529e3e78102bdd42ac18bc9b7e2024f6dd
e6dec715-7e43-45ee-adac-bd2722d05d5e	80197b529e3e78102bdd42ac18bc9b7e2024f6dd
c23dba85-62b6-4e6b-b53a-e9fff954b92d	80197b529e3e78102bdd42ac18bc9b7e2024f6dd
04189257-7e19-4fe0-8e9a-2125704b83fb	80197b529e3e78102bdd42ac18bc9b7e2024f6dd
61593eb0-3ab1-4ac9-9bb9-c23e69e339f0	c2bdd2e21e62725693b9b50c7bfc8e31b109e4e6
80760c5f-2449-4ae5-b020-261515e4e9a6	80197b529e3e78102bdd42ac18bc9b7e2024f6dd
2413f95a-f50d-4b05-bef5-654a197de575	c2bdd2e21e62725693b9b50c7bfc8e31b109e4e6
9da62330-1946-484f-afc0-217948f4fd7a	80197b529e3e78102bdd42ac18bc9b7e2024f6dd
fa5af662-8ffd-4840-8eed-2b7434a06ace	80197b529e3e78102bdd42ac18bc9b7e2024f6dd
58976a00-4d3a-42e9-b321-f991d61637ae	80197b529e3e78102bdd42ac18bc9b7e2024f6dd
e3d3f524-0c3e-4176-a642-c8da47de61b8	80197b529e3e78102bdd42ac18bc9b7e2024f6dd
231ce183-a64b-40dc-9873-2f3308289911	80197b529e3e78102bdd42ac18bc9b7e2024f6dd
18b3ea51-1b6b-4bc2-885a-bb10ca88782e	80197b529e3e78102bdd42ac18bc9b7e2024f6dd
34e8be6d-21ad-47df-96d9-8115d4edb42a	80197b529e3e78102bdd42ac18bc9b7e2024f6dd
9a3fdc94-edc9-400d-8b24-f0b3fcc291bc	80197b529e3e78102bdd42ac18bc9b7e2024f6dd
d374756a-aba3-4a05-8e2b-25508d63dc53	80197b529e3e78102bdd42ac18bc9b7e2024f6dd
754a187f-64a1-49bf-9613-5f1b89634394	80197b529e3e78102bdd42ac18bc9b7e2024f6dd
90eea27f-6488-40ea-a165-01ac82ceca78	80197b529e3e78102bdd42ac18bc9b7e2024f6dd
c7ee0426-a52a-4795-b2a8-649862448a8e	80197b529e3e78102bdd42ac18bc9b7e2024f6dd
c192b98d-5792-4c5c-af3a-048c44b69aba	80197b529e3e78102bdd42ac18bc9b7e2024f6dd
a4308683-a844-4d19-a493-6e05389d6f8b	80197b529e3e78102bdd42ac18bc9b7e2024f6dd
37a932fd-4064-4939-bd0d-1e1613748b00	80197b529e3e78102bdd42ac18bc9b7e2024f6dd
b15f8cd0-8365-442b-8fbe-32fae8a3a33b	80197b529e3e78102bdd42ac18bc9b7e2024f6dd
e7f966d3-9c8a-4715-9705-0c5e963ddc81	80197b529e3e78102bdd42ac18bc9b7e2024f6dd
9d71f40c-5e6e-4461-9efa-43bea3082794	80197b529e3e78102bdd42ac18bc9b7e2024f6dd
39af2f57-8e06-4f57-91fe-45f6cdb9dad1	80197b529e3e78102bdd42ac18bc9b7e2024f6dd
ba27e7e9-5363-43d1-aceb-7d6d09ce136d	80197b529e3e78102bdd42ac18bc9b7e2024f6dd
e29074d2-2ae0-4a02-8522-8b4967c93d55	80197b529e3e78102bdd42ac18bc9b7e2024f6dd
912771fd-70f7-4f8a-a0af-6fd7d5ff88e2	80197b529e3e78102bdd42ac18bc9b7e2024f6dd
583ca85d-0573-47f7-9e30-d2de20bc4b38	80197b529e3e78102bdd42ac18bc9b7e2024f6dd
66f1d84a-49e7-402e-8089-6a7812c121bc	80197b529e3e78102bdd42ac18bc9b7e2024f6dd
5fc90ace-d3e1-4680-87dd-5b5d9872a397	80197b529e3e78102bdd42ac18bc9b7e2024f6dd
6d8fe061-3b49-40cb-9bfc-9e82aa078085	80197b529e3e78102bdd42ac18bc9b7e2024f6dd
9f0967a7-40c8-452c-8921-62b05c49ce0a	80197b529e3e78102bdd42ac18bc9b7e2024f6dd
931898de-1a72-4d8c-8bf3-19bf6231302d	80197b529e3e78102bdd42ac18bc9b7e2024f6dd
bbeeb737-f5e0-46c8-87bd-0219fc83d63d	80197b529e3e78102bdd42ac18bc9b7e2024f6dd
673d4f51-a0ca-4cd3-9e95-3a9ce7d586f4	80197b529e3e78102bdd42ac18bc9b7e2024f6dd
edd8e3df-ea02-4543-a1d2-4aa1cc25e9b9	80197b529e3e78102bdd42ac18bc9b7e2024f6dd
86bcd734-1bcd-48a6-86f1-04549646b05b	80197b529e3e78102bdd42ac18bc9b7e2024f6dd
dd544a0d-047d-421e-9f04-7c028fc55acc	80197b529e3e78102bdd42ac18bc9b7e2024f6dd
5334cef0-43c4-44fc-ab25-3f966a995d17	80197b529e3e78102bdd42ac18bc9b7e2024f6dd
c8eeadb2-f896-468d-82ba-747afd43b585	80197b529e3e78102bdd42ac18bc9b7e2024f6dd
afde62d5-851e-4cb7-b680-a015f8d379a4	80197b529e3e78102bdd42ac18bc9b7e2024f6dd
74c4f511-6e81-411a-95c5-ebece88ce484	80197b529e3e78102bdd42ac18bc9b7e2024f6dd
7bde2515-f92e-4151-97a2-1391500a3461	80197b529e3e78102bdd42ac18bc9b7e2024f6dd
95c2b053-9204-419c-8fc2-57fcadb77b7f	80197b529e3e78102bdd42ac18bc9b7e2024f6dd
18992196-d900-428a-8b10-056b9f5aa181	80197b529e3e78102bdd42ac18bc9b7e2024f6dd
84a68d69-e1c4-41f0-bb49-e4ea0b4b85cb	80197b529e3e78102bdd42ac18bc9b7e2024f6dd
e26a7e23-7c05-4a8e-948b-ef073494c673	80197b529e3e78102bdd42ac18bc9b7e2024f6dd
b213cbfd-8341-4445-bbff-76125c420b29	80197b529e3e78102bdd42ac18bc9b7e2024f6dd
\.


--
-- Name: accounts_pkey; Type: CONSTRAINT; Schema: public; Owner: stromae
--

ALTER TABLE ONLY public.accounts
    ADD CONSTRAINT accounts_pkey PRIMARY KEY (user_email, licence_number);


--
-- Name: accounts_user_email_key; Type: CONSTRAINT; Schema: public; Owner: stromae
--

ALTER TABLE ONLY public.accounts
    ADD CONSTRAINT accounts_user_email_key UNIQUE (user_email);


--
-- Name: accounts_user_id_key; Type: CONSTRAINT; Schema: public; Owner: stromae
--

ALTER TABLE ONLY public.accounts
    ADD CONSTRAINT accounts_user_id_key UNIQUE (user_id);


--
-- Name: institutions_institution_name_key; Type: CONSTRAINT; Schema: public; Owner: stromae
--

ALTER TABLE ONLY public.institutions
    ADD CONSTRAINT institutions_institution_name_key UNIQUE (institution_name);


--
-- Name: institutions_pkey; Type: CONSTRAINT; Schema: public; Owner: stromae
--

ALTER TABLE ONLY public.institutions
    ADD CONSTRAINT institutions_pkey PRIMARY KEY (licence_number);


--
-- Name: jobs_job_id_key; Type: CONSTRAINT; Schema: public; Owner: stromae
--

ALTER TABLE ONLY public.jobs
    ADD CONSTRAINT jobs_job_id_key UNIQUE (job_id);


--
-- Name: jobs_pkey; Type: CONSTRAINT; Schema: public; Owner: stromae
--

ALTER TABLE ONLY public.jobs
    ADD CONSTRAINT jobs_pkey PRIMARY KEY (job_id, user_id);


--
-- Name: accounts_licence_number_fkey; Type: FK CONSTRAINT; Schema: public; Owner: stromae
--

ALTER TABLE ONLY public.accounts
    ADD CONSTRAINT accounts_licence_number_fkey FOREIGN KEY (licence_number) REFERENCES public.institutions(licence_number) ON DELETE CASCADE;


--
-- Name: jobs_user_id_fkey; Type: FK CONSTRAINT; Schema: public; Owner: stromae
--

ALTER TABLE ONLY public.jobs
    ADD CONSTRAINT jobs_user_id_fkey FOREIGN KEY (user_id) REFERENCES public.accounts(user_id) ON DELETE CASCADE;


--
-- Name: SCHEMA public; Type: ACL; Schema: -; Owner: postgres
--

REVOKE ALL ON SCHEMA public FROM PUBLIC;
REVOKE ALL ON SCHEMA public FROM postgres;
GRANT ALL ON SCHEMA public TO postgres;
GRANT ALL ON SCHEMA public TO PUBLIC;


--
-- PostgreSQL database dump complete
--

